,Name,Total,Percentage
0,MALAYALAM,208383,9.972153218076338
1,TULU,1014994,48.57246360513177
2,Beary,335775,16.068488057085183
3,MARATHI,35916,1.7187575521056406
4,TAMIL,23588,1.1288020141181605
5,URDU,33087,1.5833759640973197
6,HINDI,18922,0.9055109255190704
7,KANNADA,193797,9.274141255301728
8,KONKANI,207056,9.908649730169996
9,Others,18131,0.8676576783947926
